Nome Empresa,City,Website,Segment,Source,Search_Query
Onodera Jardins,São Paulo,https://www.onodera.com.br/unidades/jardins/,Clinic offering over 70 facial and body aesthetic treatments with a multidisciplinary team including dermatologists and nutritionists.,Perplexity Discovery,"List of 20 high-end aesthetic clinics in Jardins, Sao Paulo"
Clínica Jardins,São Paulo,https://clinicajardinssp.com.br,"Aesthetic, dentistry, and plastic surgery clinic providing personalized, high-quality treatments in a modern facility.",Perplexity Discovery,"List of 20 high-end aesthetic clinics in Jardins, Sao Paulo"
BelaClin,São Paulo,https://www.belaclin.com.br/clinica-estetica-luxo,"Luxury aesthetic clinic offering high-quality personalized services including botox, facial harmonization, and advanced odontological procedures.",Perplexity Discovery,"List of 20 high-end aesthetic clinics in Jardins, Sao Paulo"
JK Estética Avançada,São Paulo,https://www.jkesteticaavancada.com.br,"Advanced health and aesthetic clinic providing personalized care with a focus on harmonizing, preventing, rejuvenating, and refining.",Perplexity Discovery,"List of 20 high-end aesthetic clinics in Jardins, Sao Paulo"
Beauty House Medicina e Estética,São Paulo,https://www.beautyhouse.com.br,"Clinic with multidisciplinary team offering dermatological, esthetic, physiotherapeutic treatments for body, face, and hair since 1989.",Perplexity Discovery,"List of 20 high-end aesthetic clinics in Jardins, Sao Paulo"
Unique Espaço Médico,São Paulo,https://www.uniqueespacomedico.com.br,High-end multidisciplinary medical clinic in Jardins offering plastic surgery and aesthetic procedures with advanced care.,Perplexity Discovery,"List of 20 high-end aesthetic clinics in Jardins, Sao Paulo"
J R V Comércio de Produtos Odontológicos,Fortaleza,,"Distributor of dental products including dental implants in Fortaleza, Ceará",Perplexity Discovery,Top 10 dental implant distributors in Northeast Brazil
Dental Cremer,Itapeva,,Distributor of dental products and implants in Itapeva,Perplexity Discovery,Top 10 dental implant distributors in Northeast Brazil
Dental Sudoeste LTDA,Passos,,Supplier of dental products and implants in Passos,Perplexity Discovery,Top 10 dental implant distributors in Northeast Brazil
Dental Palmeiras,Ponte Nova,,Distributor of dental products and implants in Ponte Nova,Perplexity Discovery,Top 10 dental implant distributors in Northeast Brazil
Distalmed Produtos Odontológicos e Hospitalares LTDA,Petrolina,,Distributor of dental and hospital products including implants,Perplexity Discovery,Top 10 dental implant distributors in Northeast Brazil
PNZMed Distri. de Produtos Hospit. LTDA,Petrolina,,Distributor of hospital and dental products in Petrolina,Perplexity Discovery,Top 10 dental implant distributors in Northeast Brazil
Nacional Dental,Fortaleza,https://nacionaldental.com.br,"Provider of a complete portfolio of dental products, including dental implants in Fortaleza",Perplexity Discovery,Top 10 dental implant distributors in Northeast Brazil
Dentoflex.inp,Unknown (National coverage),https://dentoflex.com.br,One of Brazil's main implant distributors offering implantodontia solutions with national reach,Perplexity Discovery,Top 10 dental implant distributors in Northeast Brazil
Neodent,"Curitiba (headquarters, but distributed nationally)",https://neodent.com.br,Leading brand of dental implants in Brazil with extensive national distribution including Northeast region,Perplexity Discovery,Top 10 dental implant distributors in Northeast Brazil
Singular Implants,Unknown (National reference),https://singularimplants.com.br,National implant industry with distribution network throughout Brazil,Perplexity Discovery,Top 10 dental implant distributors in Northeast Brazil
CD Clínica Dermatológica,Rio de Janeiro,https://cdclinicadermatologica.com.br,"Clínica-boutique de dermatologia, com atendimento humanizado e protocolos exclusivos para tratamentos de rosto, corpo e cabelos.",Perplexity Discovery,"List of 20 boutique dermatology clinics in Leblon, Rio de Janeiro"
Dermatogurfinkel,Rio de Janeiro,https://www.dermatogurfinkel.com.br,"Dermatologia clínica, cirúrgica e estética no Leblon, Rio de Janeiro.",Perplexity Discovery,"List of 20 boutique dermatology clinics in Leblon, Rio de Janeiro"
Dra. Gabriela Franco,Rio de Janeiro,https://www.dragabrielafranco.com.br,"Dermatologia clínica, estética e cirúrgica com foco em prevenção e resultados naturais.",Perplexity Discovery,"List of 20 boutique dermatology clinics in Leblon, Rio de Janeiro"
Clínica Bravo,Rio de Janeiro,https://clinicabravo.med.br,"Clínica de saúde da pele e cuidados corporais, combinando alta tecnologia e atendimento personalizado.",Perplexity Discovery,"List of 20 boutique dermatology clinics in Leblon, Rio de Janeiro"
Ladermato,Rio de Janeiro,https://ladermato.com.br,"Clínica de dermatologia localizada no Leblon, oferecendo atendimento especializado.",Perplexity Discovery,"List of 20 boutique dermatology clinics in Leblon, Rio de Janeiro"
Clínica Mariz,Rio de Janeiro,https://clinicamariz.com.br,Dermatologia e estética com foco em tratamentos personalizados e tecnologia avançada.,Perplexity Discovery,"List of 20 boutique dermatology clinics in Leblon, Rio de Janeiro"
Paula Raso - Dermatologista,Rio de Janeiro,https://paularaso.med.br,Clínica de dermatologia localizada no Leblon com atendimento clínico especializado.,Perplexity Discovery,"List of 20 boutique dermatology clinics in Leblon, Rio de Janeiro"
Spilberg & Kaufmann – Clínica de Dermatologia,Rio de Janeiro,https://skdermato.com.br,"Clínica de dermatologia que oferece tratamentos dermatológicos, estéticos e capilares, incluindo terapias avançadas como laser e radiofrequência.",Perplexity Discovery,"List of 20 boutique dermatology clinics in Leblon, Rio de Janeiro"
B. Braun,São Paulo,https://www.bbraun.com.br,Manufacturer and exporter of general surgical devices and medical instruments,Perplexity Discovery,List of 15 exporters of surgical instruments from Brazil
Boston Scientific,São Paulo,https://www.bostonscientific.com,Provider of surgical instruments and medical devices,Perplexity Discovery,List of 15 exporters of surgical instruments from Brazil
"Johnson & Johnson (Ethicon, DePuy Synthes)",São Paulo,https://www.jnj.com,"Surgical devices, instruments, and orthopedic products",Perplexity Discovery,List of 15 exporters of surgical instruments from Brazil
Medtronic,São Paulo,https://www.medtronic.com,Medical and surgical instruments and equipment,Perplexity Discovery,List of 15 exporters of surgical instruments from Brazil
Stryker,São Paulo,https://www.stryker.com,Surgical instruments and medical technology,Perplexity Discovery,List of 15 exporters of surgical instruments from Brazil
Getinge,São Paulo,https://www.getinge.com,Specialized surgical and medical equipment,Perplexity Discovery,List of 15 exporters of surgical instruments from Brazil
Olympus Corp.,São Paulo,https://www.olympus-global.com,Endoscopy and surgical instruments,Perplexity Discovery,List of 15 exporters of surgical instruments from Brazil
Karl Storz SE,São Paulo,https://www.karlstorz.com,Endoscopic surgical instruments and devices,Perplexity Discovery,List of 15 exporters of surgical instruments from Brazil
BMR Medical,São Paulo,,Medical and surgical instruments manufacturing,Perplexity Discovery,List of 15 exporters of surgical instruments from Brazil
Biocardio Comércio e Representações,São Paulo,,Trading and export of surgical instruments,Perplexity Discovery,List of 15 exporters of surgical instruments from Brazil
Zimmer Biomet,São Paulo,https://www.zimmerbiomet.com,Orthopedic and surgical instruments,Perplexity Discovery,List of 15 exporters of surgical instruments from Brazil
Smiths Group,São Paulo,https://www.smiths.com,Medical device manufacturer including surgical instruments,Perplexity Discovery,List of 15 exporters of surgical instruments from Brazil
CONMED Corp.,São Paulo,https://www.conmed.com,Surgical equipment and instruments,Perplexity Discovery,List of 15 exporters of surgical instruments from Brazil
Arthrex,São Paulo,https://www.arthrex.com,Orthopedic surgical instruments and devices,Perplexity Discovery,List of 15 exporters of surgical instruments from Brazil
Lifemed Indústria de Equipamentos,São Paulo,,Manufacturer of surgical and medical equipment,Perplexity Discovery,List of 15 exporters of surgical instruments from Brazil
vDoctor,Not specified,https://vdoctor.com.br,"Leading white-label telemedicine platform in Brazil offering flexible, customizable solutions for remote healthcare services.",Perplexity Discovery,Top 10 telemedicine platform providers in Brazil
Doutor Ao Vivo,Not specified,https://doutoraovivo.com.br,"White-label telemedicine platform focusing on secure video consultations, appointment scheduling, and payment processing for small to medium healthcare businesses.",Perplexity Discovery,Top 10 telemedicine platform providers in Brazil
Rapidoc Brasil,Not specified,https://rapidoc.com.br,Telemedicine platform emphasizing speed and scalability for healthcare providers to rapidly expand remote services.,Perplexity Discovery,Top 10 telemedicine platform providers in Brazil
Auline,Not specified,https://auline.com.br,"AI-driven telemedicine platform with multilingual support, designed for private-label telemedicine solutions.",Perplexity Discovery,Top 10 telemedicine platform providers in Brazil
Oimed,Not specified,https://oimed.com.br,Modern white-label platform catering to clinics and large healthcare organizations with advanced features for complex operations.,Perplexity Discovery,Top 10 telemedicine platform providers in Brazil
Dr. Consulta,São Paulo,https://drconsulta.com,Comprehensive telemedicine and healthcare services platform focusing on convenient access to virtual consultations and healthcare.,Perplexity Discovery,Top 10 telemedicine platform providers in Brazil
Conexa Saúde,São Paulo,https://conexasaude.com.br,Telehealth platform offering video consultations and remote patient monitoring with integration into healthcare systems.,Perplexity Discovery,Top 10 telemedicine platform providers in Brazil
iCliniq,"Bangalore, India (with operations in Brazil)",https://icliniq.com,"International telemedicine platform providing virtual healthcare consultations, including support for Brazilian users.",Perplexity Discovery,Top 10 telemedicine platform providers in Brazil
Amparo Saúde,Not specified,https://amparosaude.com.br,Telemedicine platform focusing on remote patient monitoring and virtual healthcare services.,Perplexity Discovery,Top 10 telemedicine platform providers in Brazil
Telemedicina Brasil,Not specified,https://telemedicinabrasil.com.br,Brazil-based telemedicine service provider offering remote healthcare consultations and telehealth solutions.,Perplexity Discovery,Top 10 telemedicine platform providers in Brazil
