ID,Nome Empresa,Website,Segmento,Cidade,Estado,Tier,Fonte,Status,LinkedIn,Produtos,Notas,1-10 ICP? Renner,1-10 ICP? Rafael,1-10 ICP? Nelson,Renner_Score,Tier_Val,Segment_Val,Product_Val,Predicted_Score
10,BIO ENGENHARIA E INDÚSTRIA DE IMPLANTES ORTOPÉDICOS LTDA,http://bioengenharia.com.br/,Implantes Ortopédicos,,,2,ABIMO,Mapeado,,Instrumentos cirúrgicos; Ortopédicos,,10.0,7.0,10.0,10.0,2,1,1,8.5
11,BIOADVANCE INDÚSTRIA E COMÉRCIO DE PRODUTOS ORTPÉDICOS LTDA,www.bioadvance.com.br,Implantes Ortopédicos,,,2,ABIMO,Mapeado,,Ortopédicos,,10.0,7.0,10.0,10.0,2,1,0,8.0
15,BIOMET 3I DO BRASIL COMÉRCIO DE AP. MÉDICOS LTDA,www.biomet.com,Implantes Odontológicos,,,2,ABIMO,Mapeado,,Bombas de infusão; Instrumentos cirúrgicos; Suturas cirúrgicas; Artigos e aparelhos para prótese dentária; Brocas para odontologia; Implantes dentais; Instrumentos odontológicos ; Centrifugadores,,10.0,9.0,8.0,10.0,2,1,3,9.5
36,ENGIMPLAN ENGENHARIA DE IMPLANTE INDÚSTRIA E COMÉRCIO LTDA,www.engimplan.com.br,Implantes Ortopédicos,,,2,ABIMO,Mapeado,,Instrumentos cirúrgicos; Ortopédicos,,10.0,9.0,10.0,10.0,2,1,1,8.5
43,GM DOS REIS INDÚSTRIA E COMÉRCIO LTDA,www.gmreis.com.br,Implantes Ortopédicos,,,2,ABIMO,Mapeado,,Instrumentos cirúrgicos; Ortopédicos,,10.0,7.0,5.0,10.0,2,1,1,8.5
56,NeoOrtho,,Implantes Ortopédicos,,,Tier 2,Google,Mapeado,,,,10.0,10.0,10.0,10.0,2,1,0,8.0
57,Ortobio,ortobio.ind.br,Implantes Ortopédicos,,,Tier 2,Google,Mapeado,,,,10.0,9.0,10.0,10.0,2,1,0,8.0
58,Ortosíntese,ortosintese.com.br,Implantes Ortopédicos,,,Tier 1,Google,Mapeado,,,,10.0,9.0,10.0,10.0,3,1,0,9.0
59,Neodent (Straumann),www.straumann.com/neodent,Implantes Odontológicos,,,Tier 1,Google,Mapeado,,,,10.0,10.0,10.0,10.0,3,1,0,9.0
88,Stryker Brasil,www.stryker.com/br,Implantes Ortopédicos,São Paulo,SP,3,Google,Mapeado,,,,10.0,9.0,10.0,10.0,1,1,0,7.0
97,Alliage S.A,www.alliage.com.br,Equipamentos Odontológicos,,,1,ABIMO,Mapeado,,,,10.0,10.0,8.0,10.0,3,0,0,7.0
109,FGM Dental Products,www.fgm.ind.br,Implantes Odontológicos,Joinville,SC,1,RGO Article,Mapeado,,"Sistema Arcsys - angulação 20°, linha completa implantes",,10.0,10.0,8.0,10.0,3,1,1,9.5
110,Neodent Straumann,www.neodent.com.br,Implantes Odontológicos,Curitiba,PR,1,RGO Article,Mapeado,,"Líder Brasil, +1.5M implantes/ano, carga imediata",,10.0,10.0,10.0,10.0,3,1,1,9.5
118,Biomecanica,www.biomecanica.com.br,Implantes Ortopédicos,Jaú,SP,1,Website,Mapeado,,"34 anos, 9.000m2, 120 funcionários, 600k itens/ano, 44 países",,10.0,9.0,10.0,10.0,3,1,0,9.0
119,NEOORTHO Produtos Ortopédicos,www.neoortho.com.br,Implantes Ortopédicos,Curitiba,PR,1,Website,Mapeado,,"Medartis Group, placas, hastes, parafusos, cages, próteses personalizadas",,10.0,10.0,10.0,10.0,3,1,1,9.5
127,Dentoflex,www.dentoflex.com.br,Equipamentos Odontológicos,,,2,Market Research,Mapeado,,Equipamentos e materiais odontológicos,,10.0,10.0,10.0,10.0,2,0,0,6.0
189,J&J,,Dispositivos Médicos,São Paulo,SP,2,ABIMED,Mapeado,,Johnson & Johnson do Brasil Indústria e Comércio de Produtos para Saúde Ltda,,10.0,9.0,10.0,10.0,2,-1,0,4.0
5,ALLIED TITANIUM LTDA - DENTFIX,www.dentfix.com.br,Implantes Odontológicos,,,2,ABIMO,Mapeado,,Implantes dentais,,9.0,7.0,8.0,9.0,2,1,1,8.5
21,CAPELLI & FABRIS INDUSTRIA E COMERCIO DE PRODUTOS MÉDICOS ODONTOLÓGICOS LTDA - HELSE ULTRASONIC,https://www.helse.odo.br/,Implantes Odontológicos,,,2,ABIMO,Mapeado,,Brocas para odontologia; Instrumentos odontológicos,,9.0,7.0,8.0,9.0,2,1,0,8.0
23,CLOROVALE DIAMANTES INDÚSTRIA E COMÉRCIO LTDA,www.cvdvale.com.br,Implantes Odontológicos,,,2,ABIMO,Mapeado,,Brocas para odontologia; Instrumentos odontológicos,,9.0,7.0,0.0,9.0,2,1,0,8.0
35,EMFILS INDÚSTRIA E COMÉRCIO PRODUTOS ODONTOLÓGICOS LTDA EPP,www.emfils.com.br,Implantes Odontológicos,,,2,ABIMO,Mapeado,,Artigos e aparelhos para prótese dentária; Brocas para odontologia; Dentes artificiais; Implantes dentais; Instrumentos odontológicos,,9.0,10.0,10.0,9.0,2,1,2,9.0
47,HEXAGON INDÚSTRIA E COMÉRCIO DE IMPLANTES ORTOPÉDICOS LTDA,www.hexagon-brasil.com,Dispositivos Médicos,,,2,ABIMO,Mapeado,,,,9.0,7.0,8.0,9.0,2,-1,0,4.0
49,ICONACY ORTHOPEDIC IMPLANTS INDÚSTRIA E COMÉRCIO DE PRODUTOS MÉDICO HOSPITALARES LTDA,www.prosintese.com.br,Implantes Ortopédicos,,,2,ABIMO,Mapeado,,Bombas de infusão; Instrumentos cirúrgicos; Ortopédicos,,9.0,9.0,8.0,9.0,2,1,1,8.5
50,IMPLACIL OSSTEM - MATERIAL ODONTOLOGICO S.A.,http://www.implacildebortoli.com.br/,Implantes Odontológicos,,,2,ABIMO,Mapeado,,Artigos e aparelhos para prótese dentária; Implantes dentais; Instrumentos odontológicos,,9.0,7.0,8.0,9.0,2,1,2,9.0
51,Biomecânica,www.biomecanica.com.br,Implantes Ortopédicos,Jaú,SP,Tier 1,ABIMO,Mapeado,,,,9.0,7.0,8.0,9.0,3,1,0,9.0
62,S.I.N. Implant System,www.sinimplantsystem.com,Implantes Odontológicos,,,Tier 1,Google,Mapeado,,,,9.0,10.0,10.0,9.0,3,1,0,9.0
63,Implacil Osstem,implacil.com.br,Implantes Odontológicos,,,Tier 2,Google,Mapeado,,,,9.0,10.0,10.0,9.0,2,1,0,8.0
64,Conexão Dental,,Implantes Odontológicos,,,Tier 1,Google,Mapeado,,,,9.0,10.0,10.0,9.0,3,1,0,9.0
65,Angelus Dental,angelus.ind.br,Implantes Odontológicos,,,Tier 2,ABIMO,Mapeado,,,,9.0,9.0,8.0,9.0,2,1,0,8.0
66,ABC Instrumentos,abcinstrumentos.com.br,Instrumentos Cirúrgicos,,,Tier 2,Google,Mapeado,,,,9.0,9.0,8.0,9.0,2,0,0,6.0
67,Rhosse Instrumentos,www.rhosse.com.br,Instrumentos Cirúrgicos,,,Tier 2,Google,Mapeado,,,,9.0,9.0,,9.0,2,0,0,6.0
74,OrthoSystem,osimplantes.com.br,Distribuidor Ortopedia,Rio Claro,SP,Tier 2,Google,Mapeado,,,,9.0,9.0,0.0,9.0,2,0,0,6.0
75,Ortomedic,ortomedic.com.br,Distribuidor Ortopedia,São Bernardo do Campo,SP,Tier 2,Google,Mapeado,,,,9.0,9.0,0.0,9.0,2,0,0,6.0
96,Align Technology Brasil - Invisalign,www.invisalign.com.br,Implantes Odontológicos,,,3,ABIMO,Mapeado,,,,9.0,9.0,0.0,9.0,1,1,0,7.0
111,S.I.N. Sistema de Implante,www.sinimplante.com.br,Implantes Odontológicos,,,1,RGO Article,Mapeado,,"Uma das maiores indústrias Brasil, +10 anos mercado",,9.0,10.0,10.0,9.0,3,1,0,9.0
114,Kopp Sistemas de Implantes,www.kopp.com.br,Implantes Odontológicos,,,2,RGO Article,Mapeado,,"Pioneira Cone Morse Brasil 2003, Cone Morse Screw",,9.0,9.0,0.0,9.0,2,1,0,8.0
115,Implacil De Bortoli,www.implacil.com.br,Implantes Odontológicos,,,1,RGO Article,Mapeado,,"1° implante osseointegrável Brasil 1988, FDA+CE",,9.0,9.0,10.0,9.0,3,1,0,9.0
116,Systhex Implantes,www.systhex.com.br,Implantes Odontológicos,Curitiba,PR,2,RGO Article,Mapeado,,"Fundada 2003, linha completa, custo-benefício",,9.0,9.0,10.0,9.0,2,1,0,8.0
125,Conexão Sistemas de Prótese,www.conexao.com.br,Implantes Odontológicos,Arujá,SP,1,Market Research,Mapeado,,"Sistemas de prótese, implantes",,9.0,10.0,10.0,9.0,3,1,2,10.0
126,Pross Implantes,www.pross.com.br,Implantes Odontológicos,,,2,Market Research,Mapeado,,Implantes dentários,,9.0,10.0,8.0,9.0,2,1,1,8.5
128,Gnatus,www.gnatus.com.br,Equipamentos Odontológicos,Ribeirão Preto,SP,2,Market Research,Mapeado,,Equipamentos odontológicos,,9.0,10.0,8.0,9.0,2,0,0,6.0
129,Dabi Atlante,www.dabiatlante.com.br,Equipamentos Odontológicos,Ribeirão Preto,SP,2,Market Research,Mapeado,,Equipamentos odontológicos,,9.0,9.0,8.0,9.0,2,0,0,6.0
131,Maquira,www.maquira.com.br,Equipamentos Odontológicos,Maringá,PR,2,Market Research,Mapeado,,Equipamentos odontológicos,,9.0,9.0,8.0,9.0,2,0,0,6.0
1,3R INDÚSTRIA E COMÉRCIO LTDA,www.microdont.com.br,Implantes Odontológicos,,,2,ABIMO,Mapeado,,Brocas para odontologia; Gesso para uso odontológico; Instrumentos odontológicos,,8.0,7.0,8.0,8.0,2,1,0,8.0
2,A S TECHNOLOGY COMPONENTES ESPECIAIS LTDA ME - TITANIUMFIX,www.titaniumfix.com.br,Implantes Odontológicos,,,2,ABIMO,Mapeado,,Artigos e aparelhos para prótese dentária; Brocas para odontologia; Implantes dentais; Materiais de laboratório,,8.0,7.0,8.0,8.0,2,1,2,9.0
6,ANGELUS INDÚSTRIA DE PRODUTOS ODONTOLÓGICOS S.A.,www.angelus.ind.br,Implantes Odontológicos,,,2,ABIMO,Mapeado,,Gel e outros produtos químicos; Máscaras; Seringas; Artigos e aparelhos para prótese dentária; Brocas para odontologia; Cimento para obturação dentária; Limas para odontologia; Materiais de laboratóri,,8.0,7.0,7.0,8.0,2,1,0,8.0
13,BIODINÂMICA QUÍMICA E FARMACÊUTICA LTDA,www.biodinamica.com.br,Implantes Odontológicos,,,2,ABIMO,Mapeado,,Brocas para odontologia; Ceras para dentistas; Cimento para obturação dentária; Esterilização; Gesso para uso odontológico; Instrumentos odontológicos ; Limas para odontologia; Materiais de laboratóri,,8.0,7.0,8.0,8.0,2,1,0,8.0
14,BIOMECÂNICA INDÚSTRIA E COMÉRCIO DE PRODUTOS ORTOPÉDICOS LTDA,www.biomecanica.com.br,Implantes Ortopédicos,,,2,ABIMO,Mapeado,,Instrumentos cirúrgicos; Ortopédicos,,8.0,7.0,,8.0,2,1,1,8.5
16,BIONNOVATION PRODUTOS BIOMÉDICOS S.A.,http://www.bionnovation.com.br/,Implantes Odontológicos,,,2,ABIMO,Mapeado,,Artigos e aparelhos para prótese dentária; Brocas para odontologia; Implantes dentais; Instrumentos odontológicos,,8.0,7.0,8.0,8.0,2,1,2,9.0
20,BRAINLAB LTDA,www.brainlab.com,Instrumentos Cirúrgicos,,,2,ABIMO,Mapeado,,Instrumentos cirúrgicos,,8.0,7.0,,8.0,2,0,1,6.5
25,CONEXÃO SISTEMAS DE PRÓTESE LTDA,www.conexao.com.br,Implantes Odontológicos,,,2,ABIMO,Mapeado,,Instrumentos cirúrgicos; Artigos e aparelhos para prótese dentária; Brocas para odontologia; Implantes dentais; Instrumentos odontológicos ; Materiais de laboratório,,8.0,7.0,8.0,8.0,2,1,3,9.5
31,DMR INDUSTRIA E COMÉRCIO DE MATERIAIS ODONTOLÓGICOS LTDA - SINGULAR IMPLANTS,www.singularimplants.com.br,Implantes Odontológicos,,,2,ABIMO,Mapeado,,Implantes dentais; Materiais de laboratório,,8.0,7.0,8.0,8.0,2,1,1,8.5
33,DSP INDUSTRIAL LTDA EPP,www.dspbiomedical.com.br,Implantes Odontológicos,,,2,ABIMO,Mapeado,,Implantes dentais,,8.0,7.0,8.0,8.0,2,1,1,8.5
34,EFF DENTAL COMPONENTES LTDA,www.effdental.com.br,Implantes Odontológicos,,,2,ABIMO,Mapeado,,Artigos e aparelhos para prótese dentária; Brocas para odontologia; Implantes dentais; Instrumentos odontológicos,,8.0,7.0,8.0,8.0,2,1,2,9.0
38,FAGA MEDICAL IND. DE EQUIP. E INSTR. MED-HOSP LTDA ME,www.fagamed.com.br,Instrumentos Cirúrgicos,,,2,ABIMO,Mapeado,,Instrumentos cirúrgicos,,8.0,9.0,8.0,8.0,2,0,1,6.5
60,Titaniumfix,titaniumfix.com/br,Implantes Odontológicos,,,Tier 1,Google,Mapeado,,,,8.0,9.0,8.0,8.0,3,1,0,9.0
61,Kopp Implantes,koppimplantes.com,Implantes Odontológicos,,,Tier 1,Google,Mapeado,,,,8.0,9.0,8.0,8.0,3,1,0,9.0
78,Fixin Brasil,fixinbrasil.com.br,Veterinário Ortopedia,,,Tier 3,Google,Mapeado,,,,8.0,7.0,8.0,8.0,1,0,0,5.0
80,Memed,,MedTech Software,São Paulo,SP,3,F6S,Mapeado,,,,8.0,7.0,0.0,8.0,1,0,0,5.0
90,3R Indústria e Comércio - Microdont,www.microdont.com.br,Implantes Odontológicos,,,2,ABIMO,Mapeado,,,,8.0,7.0,8.0,8.0,2,1,0,8.0
91,A S Technology - TitaniumFix,www.titaniumfix.com.br,Implantes Odontológicos,,,1,ABIMO,Mapeado,,,,8.0,9.0,8.0,8.0,3,1,0,9.0
94,Alacer Biomédica,www.alacer.com.br,Dispositivos Eletrônicos,,,2,ABIMO,Mapeado,,,,8.0,7.0,5.0,8.0,2,-1,0,4.0
98,Allied Titanium - Dentfix,www.dentfix.com.br,Implantes Odontológicos,,,2,ABIMO,Mapeado,,,,8.0,10.0,8.0,8.0,2,1,0,8.0
100,American Instruments,www.americaninstruments.com.br,Instrumentos Cirúrgicos,,,2,ABIMO,Mapeado,,,,8.0,7.0,5.0,8.0,2,0,0,6.0
103,Arthimed,www.arthimed.net.br,Dispositivos Médicos,,,2,ABIMO,Mapeado,,,,8.0,7.0,8.0,8.0,2,-1,0,4.0
104,Artigos Odontológicos Clássico,www.classico.com.br,Materiais Odontológicos,,,2,ABIMO,Mapeado,,,,8.0,7.0,2.0,8.0,2,0,0,6.0
112,Dentsply Sirona Brasil,www.dentsplysirona.com,Implantes Odontológicos,,,3,RGO Article,Mapeado,,"Sistema Ankylos TissueCare, garantia vitalícia",,8.0,7.0,2.0,8.0,1,1,0,7.0
117,Dérig Implantes,www.derig.com.br,Implantes Odontológicos,Barueri,SP,2,RGO Article,Mapeado,,"+30 anos existência, 25 anos mercado odontológico",,8.0,9.0,10.0,8.0,2,1,0,8.0
120,Starlet Instrumentos Cirúrgicos,www.starlet.com.br,Instrumentos Cirúrgicos,,,2,Google,Mapeado,,Líder fabricação instrumentos cirúrgicos alta qualidade,,8.0,9.0,10.0,8.0,2,0,1,6.5
133,Aamed,,Dispositivos Médicos,São Paulo,SP,2,ABIMED,Mapeado,,Aamed Comércio de Equipamentos Eireli EPP,,8.0,7.0,2.0,8.0,2,-1,0,4.0
138,Align Technology,,Dispositivos Médicos,São Paulo,SP,2,ABIMED,Mapeado,,Align Technology do Brasil Ltda,,8.0,9.0,0.0,8.0,2,-1,0,4.0
140,Arthrex,,Dispositivos Médicos,São Paulo,SP,2,ABIMED,Mapeado,,Arthrex do Brasil Importação e Comércio de Equipamentos Ltda,,8.0,9.0,10.0,8.0,2,-1,0,4.0
147,Biomed,,Dispositivos Médicos,Rio de Janeiro,RJ,2,ABIMED,Mapeado,,Biomed Equipamentos de Biomedidas Ltda,,8.0,9.0,5.0,8.0,2,-1,0,4.0
148,Biomédica,,Dispositivos Médicos,Brasília,DF,2,ABIMED,Mapeado,,Biomédica Equipamentos e Suprimentos Hospitalares Ltda,,8.0,9.0,5.0,8.0,2,-1,0,4.0
150,Biotech Brasil,,Dispositivos Médicos,São Paulo,SP,2,ABIMED,Mapeado,,Biotech Vision Care Oftalmologia Brasil Ltda,,8.0,9.0,5.0,8.0,2,-1,0,4.0
151,Biotronik,,Dispositivos Médicos,São Paulo,SP,2,ABIMED,Mapeado,,Biotronik Comercial Médica Ltda.,,8.0,9.0,5.0,8.0,2,-1,0,4.0
169,Dentsply Sirona,,Implantes Odontológicos,Pirassununga,SP,2,ABIMED,Mapeado,,Dentsply Indústria e Comércio Ltda,,8.0,7.0,5.0,8.0,2,1,0,8.0
9,BHIO SUPPLY INDÚSTRIA E COMÉRCIO DE EQUIPAMENTOS MÉDICOS LTDA,www.bhiosupply.com.br,Implantes Odontológicos,,,2,ABIMO,Mapeado,,Anestesia; Dispositivos / Sistemas de monitoramento / Acessórios; Instrumentos cirúrgicos; Instrumentos odontológicos,,7.0,7.0,5.0,7.0,2,1,1,8.5
121,Ad Instrumentos Cirúrgicos,www.adinstrumentos.com.br,Instrumentos Cirúrgicos,,,2,Google,Mapeado,,"Aço inox, 5 anos garantia",,7.0,7.0,2.0,7.0,2,0,0,6.0
44,GNATUS PRODUTOS MÉDICOS E ODONTOLÓGICOS LTDA EPP - Q2 TEC,www.gnatus.com.br,Implantes Odontológicos,,,2,ABIMO,Mapeado,,Autoclaves; Aparelhos a laser para tratamento odontológico; Implantes dentais; Instrumentos odontológicos ; Sistemas de branqueamento,,6.0,7.0,8.0,6.0,2,1,1,8.5
48,HP BIOPRÓTESES LTDA EPP,http://hpbio.com.br/home/,Dispositivos Médicos,,,2,ABIMO,Mapeado,,Tubos e drenos; Implantes de silicone; Válvulas cardíacas,,6.0,7.0,2.0,6.0,2,-1,1,4.5
54,OCX Implantes,ocximplantes.com.br,Implantes Ortopédicos,São Paulo,SP,Tier 2,Google,Mapeado,,,,6.0,7.0,8.0,6.0,2,1,0,8.0
55,Abimade,abimade.com.br,Implantes Ortopédicos,,,Tier 2,Google,Mapeado,,,,6.0,7.0,5.0,6.0,2,1,0,8.0
68,Factory Instrumental,factorycirurgico.com.br,Instrumentos Cirúrgicos,,,Tier 2,Google,Mapeado,,,,6.0,7.0,5.0,6.0,2,0,0,6.0
69,Upmed,www.upmed.net.br,Instrumentos Cirúrgicos,,,Tier 2,Google,Mapeado,,,,6.0,7.0,5.0,6.0,2,0,0,6.0
72,Ortop Instrumental,,Instrumentos Cirúrgicos,,,Tier 2,Google,Mapeado,,,,6.0,7.0,5.0,6.0,2,0,0,6.0
79,Metalvet,www.metalvet.com.br,Veterinário Ortopedia,,,Tier 3,Google,Mapeado,,,,6.0,7.0,8.0,6.0,1,0,0,5.0
113,Nobel Biocare Brasil,www.nobelbiocare.com,Implantes Odontológicos,,,3,RGO Article,Mapeado,,"Sistema NobelActive, líder mundial, +60 anos",,6.0,7.0,2.0,6.0,1,1,0,7.0
132,Solventum,,Dispositivos Médicos,Sumaré,SP,2,ABIMED,Mapeado,,3M do Brasil Ltda,,6.0,7.0,5.0,6.0,2,-1,0,4.0
200,Getinge do Brasil,,Dispositivos Médicos,São Paulo,SP,2,ABIMED,Mapeado,,Getinge do Brasil Equipamentos Médicos Ltda,,6.0,7.0,5.0,6.0,2,-1,0,4.0
22,CARDIOPRÓTESE LTDA,www.cardioprotese.com.br,Dispositivos Médicos,,,2,ABIMO,Mapeado,,,,5.0,7.0,5.0,5.0,2,-1,0,4.0
28,DGTECH INDÚSTRIA E COMÉRCIO LTDA - EDLO,www.edlo.com.br,Implantes Odontológicos,,,2,ABIMO,Mapeado,,Endoscópio; Instrumentos cirúrgicos; Instrumentos de eletro cirurgia; Instrumentos odontológicos ; Aparelhos e instrumentais para análises clínicas; Centrifugadores,,5.0,7.0,5.0,5.0,2,1,1,8.5
70,KND Cirúrgica,kndcirurgica.com,Instrumentos Cirúrgicos,Sumaré,SP,Tier 2,Google,Mapeado,,,,5.0,7.0,5.0,5.0,2,0,0,6.0
89,Baxter Brasil,,Dispositivos Médicos,,,3,Ensun,Mapeado,,,,5.0,,5.0,5.0,1,-1,0,3.0
130,Angelus,www.angelus.ind.br,Materiais Odontológicos,Londrina,PR,2,Market Research,Mapeado,,Materiais endodônticos,,5.0,7.0,5.0,5.0,2,0,0,6.0
4,ALLIAGE S.A INDÚSTRIAS MÉDICO ODONTOLÓGICA,www.alliage.com.br,Implantes Odontológicos,,,2,ABIMO,Mapeado,,Autoclaves; Camas; Esterilizadores; Mesas de exame; Mesas para operação cirúrgica; Aparelhos de raio-x odontológico; Cadeiras de Dentistas; Compressores; Esterilização; Implantes dentais; Instrumentos,,4.0,2.0,5.0,4.0,2,1,1,8.5
37,ESSITY SOLUÇÕES MÉDICAS DO BRASIL COMÉRCIO E DISTRIBUIÇÃO LTDA,www.essity.com,Implantes Ortopédicos,,,2,ABIMO,Mapeado,,Curativos; Ortopédicos,,4.0,,2.0,4.0,2,1,0,8.0
71,Pró-Hospitalar,prohospitalar.com.br,Instrumentos Cirúrgicos,Belo Horizonte,MG,Tier 2,Google,Mapeado,,,,4.0,,5.0,4.0,2,0,0,6.0
81,Brain4Care,,Dispositivos Neurológicos,São Paulo,SP,3,F6S,Mapeado,,,,4.0,,5.0,4.0,1,-1,0,3.0
99,AMED S/A - American Medical,www.american-medical.net,Materiais Consumo,,,2,ABIMO,Mapeado,,,,4.0,,0.0,4.0,2,0,0,6.0
106,Auto Suture Brasil - Covidien,www.covidien.com,Instrumentos Cirúrgicos,,,3,ABIMO,Mapeado,,,,8.0,,10.0,8.0,1,0,0,5.0
122,Factory Instrumental Cirúrgico,www.factorycirurgico.com.br,Instrumentos Cirúrgicos,,,2,Google,Mapeado,,"+30 anos mercado, diversas especialidades médicas",,4.0,,0.0,4.0,2,0,0,6.0
135,Accumed,,Dispositivos Médicos,Duque de Caxias,RJ,2,ABIMED,Mapeado,,Accumed Produtos Médico-Hospitalares Ltda,,4.0,,0.0,4.0,2,-1,0,4.0
153,Blumedical,,Dispositivos Médicos,Curitiba,PR,2,ABIMED,Mapeado,,Blumedical Group Comércio de Produtos para Saúde Ltda,,4.0,,0.0,4.0,2,-1,0,4.0
159,Canon Medical,,Dispositivos Médicos,Barueri,SP,2,ABIMED,Mapeado,,Canon Medical Systems do Brasil Ltda,,4.0,,0.0,4.0,2,-1,0,4.0
161,CEI,,Dispositivos Médicos,Rio de Janeiro,RJ,2,ABIMED,Mapeado,,CEI Comércio Exportação Importação de Materiais Médicos Ltda,,4.0,,0.0,4.0,2,-1,0,4.0
167,D&I Dispositivos e Inovação Hospitalar,,Equipamentos Hospitalares,Barueri,SP,2,ABIMED,Mapeado,,D&I Comércio de Equipamentos Médicos Ltda,,4.0,,0.0,4.0,2,0,0,6.0
170,Dermalis,,Dispositivos Médicos,Rio de Janeiro,RJ,2,ABIMED,Mapeado,,Dermalis Distribuidora de Produtos para Saúde Ltda,,4.0,,0.0,4.0,2,-1,0,4.0
173,Edwards Lifesciences,,Dispositivos Médicos,São Paulo,SP,2,ABIMED,Mapeado,,Edwards Lifesciences Comércio de Produtos Médico-Cirúrgicos Ltda,,4.0,,0.0,4.0,2,-1,1,4.5
175,Emergo,,Dispositivos Médicos,São Paulo,SP,2,ABIMED,Mapeado,,Emergo Brasil Import Importação e Distribuição de Produtos Médicos Hospitalares Ltda,,4.0,,0.0,4.0,2,-1,0,4.0
187,Intuitive,,Dispositivos Médicos,Belo Horizonte,MG,2,ABIMED,Mapeado,,Intuitive Surgical Brasil Importação e Comércio de Equipamentos Cirúrgicos Ltda,,4.0,,0.0,4.0,2,-1,1,4.5
190,Karl Storz,,Dispositivos Médicos,São Paulo,SP,2,ABIMED,Mapeado,,Karl Storz Endoscopia Brasil Ltda,,4.0,,0.0,4.0,2,-1,0,4.0
199,Mandala Brasil,,Dispositivos Médicos,São Paulo,SP,2,ABIMED,Mapeado,,Mandala Brasil Importação e Distribuição de Produto Médico Hospitalar Ltda ME,,4.0,,0.0,4.0,2,-1,0,4.0
7,AUTO SUTURE DO BRASIL LTDA - COVIDIEN,www.covidien.com,Dispositivos Médicos,,,2,ABIMO,Mapeado,,Anestesia; Sistemas de ventilação; Aparelhos de oxigenoterapia; Aparelhos respiratórios /Acessórios; Bisturis Elétricos; Bombas de infusão; Dispositivos / Sistemas de monitoramento / Acessórios; Eletr,,3.0,,10.0,3.0,2,-1,0,4.0
18,BOSTON SCIENTIFIC DO BRASIL LTDA,www.bostonscientific.com,Dispositivos Médicos,,,2,ABIMO,Mapeado,,Aparelhos para eletro diagnóstico; Aparelhos respiratórios /Acessórios; Bombas de infusão; Desfibrilador; Dispositivos / Sistemas de monitoramento / Acessórios; Endoscópio; Foco cirúrgico / Iluminação,,3.0,2.0,2.0,3.0,2,-1,0,4.0
19,BRAILE BIOMÉDICA INDÚSTRIA E COMÉRCIO REPRESENTAÇÃO LTDA,www.braile.com.br,Implantes Odontológicos,,,2,ABIMO,Mapeado,,Aparelhos para eletro diagnóstico; Bombas de infusão; Coletor sanguíneo; Dispositivos / Sistemas de monitoramento / Acessórios; Instrumentos cirúrgicos; Cateter intravenosos; Instrumentos e aparelhos,,3.0,2.0,5.0,3.0,2,1,1,8.5
26,CREMER S.A.,www.cremer.com.br,Implantes Odontológicos,,,2,ABIMO,Mapeado,,Autoclaves; Dispositivos / Sistemas de monitoramento / Acessórios; Esterilizadores; Agulhas; Algodão Hidrófilo; Bolsas para uso em Colostomia / Urostomia; Cateter intravenosos; Curativos; Gazes; Instr,,3.0,,2.0,3.0,2,1,-1,7.5
27,DENTSCARE LTDA - FGM PRODUTOS ODONTOLÓGICOS,www.fgm.ind.br,Implantes Odontológicos,,,2,ABIMO,Mapeado,,Gel e outros produtos químicos; Cimento para obturação dentária; Implantes dentais; Materiais de laboratório; Outros Materiais de consumo e descartáveis; Produtos para obturação dentária; Sistemas de,,3.0,,8.0,3.0,2,1,0,8.0
92,Aditek do Brasil,www.aditek.com.br,Implantes Odontológicos,,,2,ABIMO,Mapeado,,,,3.0,,0.0,3.0,2,1,0,8.0
105,Atrasorb,www.atrasorb.com.br,Materiais Hospitalares,,,2,ABIMO,Mapeado,,,,3.0,,0.0,3.0,2,0,0,6.0
136,Accuray,,Dispositivos Médicos,Barueri,SP,2,ABIMED,Mapeado,,Accuray Brasil Comércio Importação e Exportação de Equipamentos Médicos Ltda,,3.0,,0.0,3.0,2,-1,0,4.0
141,Autentica,,Dispositivos Médicos,Niterói,RJ,2,ABIMED,Mapeado,,"Autentica Medical Importação, Comércio e Serviços Ltda ME",,3.0,,0.0,3.0,2,-1,0,4.0
160,Carl Zeiss,,Dispositivos Médicos,São Paulo,SP,2,ABIMED,Mapeado,,Carl Zeiss do Brasil Ltda,,3.0,,0.0,3.0,2,-1,0,4.0
3,ALACER BIOMÉDICA INDÚSTRIA ELETRÔNICA LTDA,https://www.alacer.com.br/,Dispositivos Médicos,,,2,ABIMO,Mapeado,,Aparelhos para eletro diagnóstico; Cateter intravenosos; Gel e outros produtos químicos; Sondas,,2.0,2.0,2.0,2.0,2,-1,0,4.0
8,BAUMER S.A.,www.baumer.com.br,Implantes Odontológicos,,,2,ABIMO,Mapeado,,Anestesia; Sistemas de ventilação; Aparelhos respiratórios /Acessórios; Autoclaves; Dispositivos / Sistemas de monitoramento / Acessórios; Esterilizadores; Foco cirúrgico / Iluminação cirúrgica; Instr,,2.0,2.0,5.0,2.0,2,1,0,8.0
12,BIODINA INSTRUMENTOS CIENTÍFICOS LTDA,www.biodina.com.br,Instrumentos Cirúrgicos,,,2,ABIMO,Mapeado,,Anestesia; Bisturis Elétricos; Coletor sanguíneo; Dispositivos / Sistemas de monitoramento / Acessórios; Endoscópio; Foco cirúrgico / Iluminação cirúrgica; Instrumentos cirúrgicos; Mobiliário; Cateter,,2.0,2.0,2.0,2.0,2,0,1,6.5
17,BMR MEDICAL S.A.,www.bmrmedical.com.br,Instrumentos Cirúrgicos,,,2,ABIMO,Mapeado,,Aparelhos para cirurgia que operem por laser; Bombas de infusão; Equipamentos e aparelhos para dermatologia / estética; Equipamentos e aparelhos para reabilitação; Instrumentos cirúrgicos; Agulhas; Ca,,2.0,2.0,2.0,2.0,2,0,0,6.0
24,COMPANHIA BRASILEIRA DE ESTERILIZAÇÃO - CBE EMBRARAD,www.cbesa.com.br,Implantes Odontológicos,,,2,ABIMO,Mapeado,,Esterilizadores; Cateter intravenosos; Curativos; Gazes; Luvas; Máscaras; Seringas; Sondas; Suturas cirúrgicas; Tubos e drenos; Vestuário; Implantes dentais; Outros Materiais de consumo e descartáveis,,2.0,,2.0,2.0,2,1,-2,7.0
30,DMC IMPORTAÇÃO E EXPORTAÇÃO DE EQUIPAMENTOS LTDA,www.dmcgroup.com.br,Implantes Odontológicos,,,2,ABIMO,Mapeado,,Aparelhos para cirurgia que operem por laser; Endoscópio; Equipamentos e aparelhos para dermatologia / estética; Equipamentos e aparelhos para reabilitação; Foco cirúrgico / Iluminação cirúrgica; Inst,,2.0,,2.0,2.0,2,1,0,8.0
39,FANEM LTDA,www.fanem.com.br,Implantes Odontológicos,,,2,ABIMO,Mapeado,,Sistemas de ventilação; Aparelhos de oxigenoterapia; Aparelhos respiratórios /Acessórios; Autoclaves; Camas; Dispositivos / Sistemas de monitoramento / Acessórios; Esterilizadores; Incubadoras para be,,2.0,,2.0,2.0,2,1,0,8.0
42,FRESENIUS KABI BRASIL LTDA,www.fresenius-kabi.com.br,Dispositivos Médicos,,,2,ABIMO,Mapeado,,Bombas de infusão; Dispositivos / Sistemas de monitoramento / Acessórios; Agulhas; Sondas; Testes laboratoriais,,2.0,,0.0,2.0,2,-1,-1,3.5
45,H STRATTNER E CIA LTDA,www.strattner.com.br,Implantes Odontológicos,,,2,ABIMO,Mapeado,,Anestesia; Aparelhos de oxigenoterapia; Aparelhos para cirurgia que operem por laser; Aparelhos para eletro diagnóstico; Autoclaves; Bisturis Elétricos; Bombas de infusão; Endoscópio; Equipamentos e a,,2.0,,2.0,2.0,2,1,0,8.0
52,IMPOL,www.impol.com.br,Implantes Ortopédicos,,,Tier 1,Google,Mapeado,,,,2.0,,8.0,2.0,3,1,0,9.0
53,Bone Surgical,bonesurgical.com.br,Implantes Ortopédicos,,,Tier 2,Google,Mapeado,,,,2.0,,0.0,2.0,2,1,0,8.0
73,ITS-MC,www.its-mc.com,Instrumentos Cirúrgicos,,,Tier 3,Google,Mapeado,,,,2.0,,5.0,2.0,1,0,0,5.0
76,Amaral & Cia,amaralecia.com,Distribuidor Ortopedia,,,Tier 2,Google,Mapeado,,,,2.0,,0.0,2.0,2,0,0,6.0
77,Globo Medical,globomedical.com.br,Distribuidor Ortopedia,,,Tier 3,Google,Mapeado,,,,2.0,,0.0,2.0,1,0,0,5.0
83,Phelcom Technologies,,Dispositivos Diagnóstico,,,3,F6S,Mapeado,,,,2.0,,0.0,2.0,1,-1,0,3.0
85,Unitec Hospitalar,www.unitec-hospitalar.com.br,Equipamentos Hospitalares,,,2,Google,Mapeado,,,,2.0,,5.0,2.0,2,0,0,6.0
86,DORMED,www.dormed.com.br,Equipamentos Hospitalares,,,2,Google,Mapeado,,,,2.0,,0.0,2.0,2,0,0,6.0
87,BMR Medical,bmrmedical.com.br,Equipamentos Hospitalares,,PR,2,Google,Mapeado,,,,2.0,,10.0,2.0,2,0,0,6.0
95,Alfa Med Sistemas,www.alfamed.com,Equipamentos Médicos,,,2,ABIMO,Mapeado,,,,2.0,,0.0,2.0,2,0,0,6.0
101,Araujo Lopes & Cia - American Burrs,www.americanburrs.com,Instrumentos Odontológicos,,,2,ABIMO,Mapeado,,,,2.0,,5.0,2.0,2,0,0,6.0
102,ARPE Medical,www.arpemedical.com.br,Equipamentos Médicos,,,2,ABIMO,Mapeado,,,,2.0,,0.0,2.0,2,0,0,6.0
107,Barrfab,www.barrfab.com.br,Equipamentos Hospitalares,,,2,ABIMO,Mapeado,,,,2.0,,2.0,2.0,2,0,0,6.0
108,Becton Dickinson Brasil - BD,www.bd.com/pt-br,Dispositivos Médicos,,,3,ABIMO,Mapeado,,,,2.0,,2.0,2.0,1,-1,0,3.0
123,Biolab Pharma,www.biolabfarma.com.br,Dispositivos Médicos,São Paulo,SP,2,BiopharmGuy,Mapeado,,"Small molecules, pharma",,2.0,,0.0,2.0,2,-1,0,4.0
134,AMO Brasil,,Dispositivos Médicos,São Paulo,SP,2,ABIMED,Mapeado,,JJSV Produtos Óticos Ltda,,2.0,,0.0,2.0,2,-1,0,4.0
137,Livanova Brasil,,Dispositivos Médicos,São Paulo,SP,2,ABIMED,Mapeado,,Livanova Brasil Com e Distrib Equip Medico-Hospitalar LTDA,,2.0,,0.0,2.0,2,-1,0,4.0
139,Amplitude Latam,,Dispositivos Médicos,Rio Claro,SP,2,ABIMED,Mapeado,,Amplitude Latin América S.A.,,2.0,,0.0,2.0,2,-1,0,4.0
142,Auto Suture,,Dispositivos Médicos,São Paulo,SP,2,ABIMED,Mapeado,,Auto Suture do Brasil Ltda,,2.0,,0.0,2.0,2,-1,0,4.0
143,Hartmann,,Dispositivos Médicos,Barueri,SP,2,ABIMED,Mapeado,,Bace Comércio Internacional Ltda,,2.0,,0.0,2.0,2,-1,0,4.0
144,Bard,,Dispositivos Médicos,São Paulo,SP,2,ABIMED,Mapeado,,Bard Brasil Indústria e Comércio de Produtos para Saúde Ltda,,2.0,,0.0,2.0,2,-1,0,4.0
149,Biometrix,,Dispositivos Médicos,Curitiba,PR,2,ABIMED,Mapeado,,Biometrix Diagnóstica Ltda,,2.0,,0.0,2.0,2,-1,0,4.0
152,Bausch Lomb,,Dispositivos Médicos,São Paulo,SP,2,ABIMED,Mapeado,,BL Indústria Ótica Ltda,,2.0,,0.0,2.0,2,-1,0,4.0
154,Convatec Brasil,,Dispositivos Médicos,São Paulo,SP,2,ABIMED,Mapeado,,Convatec Brasil Ltda,,2.0,,0.0,2.0,2,-1,0,4.0
155,Boston,,Dispositivos Médicos,São Paulo,SP,2,ABIMED,Mapeado,,Boston Scientific do Brasil Ltda,,2.0,,0.0,2.0,2,-1,0,4.0
156,Brainlab,,Dispositivos Médicos,São Paulo,SP,2,ABIMED,Mapeado,,Brainlab Ltda,,2.0,,0.0,2.0,2,-1,0,4.0
157,Sinclair Pharma Brazil,,Dispositivos Médicos,São Paulo,SP,2,ABIMED,Mapeado,,Building Health Distribuidora de Produtos para a Saúde Ltda EPP,,2.0,,0.0,2.0,2,-1,0,4.0
158,Canada Trade,,Dispositivos Médicos,Porto Alegre,RS,2,ABIMED,Mapeado,,Canada Central de Negócios do Brasil Ltda,,2.0,,0.0,2.0,2,-1,0,4.0
163,CMS,,Dispositivos Médicos,Aparecida de Goiânia,GO,2,ABIMED,Mapeado,,CMS Produtos Hospitalares Ltda,,2.0,,0.0,2.0,2,-1,0,4.0
164,Coloplast,,Dispositivos Médicos,São Paulo,SP,2,ABIMED,Mapeado,,Coloplast do Brasil Ltda,,2.0,,0.0,2.0,2,-1,0,4.0
166,Coopervision,,Dispositivos Médicos,São Paulo,SP,2,ABIMED,Mapeado,,Coopervision do Brasil Ltda,,2.0,,0.0,2.0,2,-1,0,4.0
171,Drager,,Dispositivos Médicos,Barueri,SP,2,ABIMED,Mapeado,,Drager Indústria e Comércio Ltda,,2.0,,0.0,2.0,2,-1,0,4.0
172,E Tamussino,,Dispositivos Médicos,Rio de Janeiro,RJ,2,ABIMED,Mapeado,,E Tamussino & Cia Ltda,,2.0,,0.0,2.0,2,-1,0,4.0
176,Eurosilicone,,Dispositivos Médicos,São Paulo,SP,2,ABIMED,Mapeado,,Eurosilicone Brasil Importação e Exportação Ltda,,2.0,,0.0,2.0,2,-1,0,4.0
180,Geistlich Biomaterials,,Dispositivos Médicos,São Paulo,SP,2,ABIMED,Mapeado,,Geistlich Pharma do Brasil Comércio de Serviços e Produtos para Saúde Ltda,,2.0,,0.0,2.0,2,-1,0,4.0
181,Glaukos,,Dispositivos Médicos,São Paulo,SP,2,ABIMED,Mapeado,,Glaukos Produtos Médicos Ltda,,2.0,,0.0,2.0,2,-1,0,4.0
188,JLMC Medical Group,,Dispositivos Médicos,Recife,PE,2,ABIMED,Mapeado,,JL Material Cirúrgico Ltda EPP,,2.0,,0.0,2.0,2,-1,0,4.0
192,ZimVie Brasil,,Dispositivos Médicos,Santo André,SP,2,ABIMED,Mapeado,,HIGHRIDGE MEDICAL BRASIL LTDA,,2.0,,0.0,2.0,2,-1,0,4.0
193,Leica Byosistems,,Dispositivos Médicos,São Paulo,SP,2,ABIMED,Mapeado,,Leica do Brasil Importação e Comércio Ltda,,2.0,,0.0,2.0,2,-1,0,4.0
195,Line Life,,Dispositivos Médicos,São Paulo,SP,2,ABIMED,Mapeado,,Line Life Cardiovascular Comércio de Produtos Médicos Hospitalares Ltda,,2.0,,0.0,2.0,2,-1,0,4.0
196,Linet do Brasil,,Dispositivos Médicos,São Paulo,SP,2,ABIMED,Mapeado,,Linet do Brasil Comércio Importação e Exportação,,2.0,,0.0,2.0,2,-1,0,4.0
197,LumiraDX | DNEDX,,Dispositivos Médicos,Itapevi,SP,2,ABIMED,Mapeado,,DNEDX Comércio e Serviços para Produtos da Saúde Ltda,,2.0,,0.0,2.0,2,-1,0,4.0
198,Global Vita,,Dispositivos Médicos,São Paulo,SP,2,ABIMED,Mapeado,,Magip Comércio de Produtos Médicos e Hospitalares Ltda ME,,2.0,,0.0,2.0,2,-1,0,4.0
29,DKT DO BRASIL PRODUTOS DE USO PESSOAL LTDA,www.dkt.com.br,Dispositivos Médicos,,,2,ABIMO,Mapeado,,Contraceptivos; Gel e outros produtos químicos; Materiais ginecológicos; Dispositivo intra uterino,,1.0,,0.0,1.0,2,-1,0,4.0
32,DORJA INDÚSTRIA E COMÉRCIO DE EQUIPAMENTOS MÉDICOS LTDA,www.dorja.com.br,Implantes Odontológicos,,,2,ABIMO,Mapeado,,Aparelhos de oxigenoterapia; Aparelhos respiratórios /Acessórios; Equipamentos e aparelhos para reabilitação; Esterilizadores; Foco cirúrgico / Iluminação cirúrgica; Instrumentos e aparelhos de oftalm,,1.0,,0.0,1.0,2,1,0,8.0
40,FIRST LINE MEDICAL DEVICE S.A.,www.firstlinemedical.com.br,Dispositivos Médicos,,,2,ABIMO,Mapeado,,Agulhas; Seringas,,1.0,,0.0,1.0,2,-1,-2,3.0
46,HANISCH MEDICAL LTDA,www.plasticoshanisch.com.br,Implantes Odontológicos,,,2,ABIMO,Mapeado,,Equipamentos e aparelhos para reabilitação,,1.0,,0.0,1.0,2,1,0,8.0
82,M3DIC Healthcare,,Impressão 3D Médica,,,3,F6S,Mapeado,,,,1.0,,0.0,1.0,1,0,0,5.0
84,SmartWalk,,Dispositivos Reabilitação,,,3,F6S,Mapeado,,,,1.0,,0.0,1.0,1,-1,0,3.0
93,Agaplastic,www.agaplastic.com.br,Materiais Consumo,,,2,ABIMO,Mapeado,,,,1.0,,0.0,1.0,2,0,0,6.0
145,Neusoft Medical Systems,,Dispositivos Médicos,São Paulo,SP,2,ABIMED,Mapeado,,Bio Imagem Comércio de Equipamentos Médicos e Hospitalares Ltda EPP,,1.0,,0.0,1.0,2,-1,0,4.0
146,Biodina,,Dispositivos Médicos,Niterói,RJ,2,ABIMED,Mapeado,,Biodina Instrumentos Científicos Ltda,,1.0,,0.0,1.0,2,-1,0,4.0
162,Telex,,Dispositivos Médicos,Rio de Janeiro,RJ,2,ABIMED,Mapeado,,Centro Auditivo Telex Ltda,,1.0,,0.0,1.0,2,-1,0,4.0
165,Contatti,,Dispositivos Médicos,Porto Alegre,RS,2,ABIMED,Mapeado,,Contatti Comércio e Representações Ltda,,1.0,,0.0,1.0,2,-1,0,4.0
168,Dabasons,,Dispositivos Médicos,São Paulo,SP,2,ABIMED,Mapeado,,Dabasons Importação Exportação e Comércio Ltda,,1.0,,0.0,1.0,2,-1,0,4.0
174,Elekta,,Dispositivos Médicos,São Paulo,SP,2,ABIMED,Mapeado,,Elekta Medical Systems Comércio e Serviços para Radioterapia Ltda,,1.0,,0.0,1.0,2,-1,0,4.0
177,Blowtex,,Dispositivos Médicos,São Paulo,SP,2,ABIMED,Mapeado,,Fábrica de Artefatos de Látex Blowtex Ltda,,1.0,,0.0,1.0,2,-1,0,4.0
178,Farmarin,,Dispositivos Médicos,Guarulhos,SP,2,ABIMED,Mapeado,,Farmarin Indústria e Comércio Ltda,,1.0,,0.0,1.0,2,-1,0,4.0
179,Fujifilm,,Dispositivos Médicos,São Paulo,SP,2,ABIMED,Mapeado,,Fujifilm do Brasil Ltda,,1.0,,0.0,1.0,2,-1,0,4.0
182,GN Resound Aparelhos Auditivos,,Dispositivos Médicos,São Paulo,SP,2,ABIMED,Mapeado,,GN Resound Produtos Médicos Ltda,,1.0,,0.0,1.0,2,-1,0,4.0
183,Guerbet,,Dispositivos Médicos,São Paulo,SP,2,ABIMED,Mapeado,,Guerbet Imagem do Brasil Ltda,,1.0,,0.0,1.0,2,-1,0,4.0
184,Gusmed,,Dispositivos Médicos,Duque de Caxias,RJ,2,ABIMED,Mapeado,,Gusmed do Brasil Comércio e Locação de Produtos Médicos Ltda EPP,,1.0,,0.0,1.0,2,-1,0,4.0
185,H. Strattner,,Dispositivos Médicos,Rio de Janeiro,RJ,2,ABIMED,Mapeado,,H Strattner & Cia Ltda,,1.0,,0.0,1.0,2,-1,0,4.0
186,Hollister,,Dispositivos Médicos,São Paulo,SP,2,ABIMED,Mapeado,,Hollister do Brasil Ltda,,1.0,,0.0,1.0,2,-1,0,4.0
191,B Braun,,Dispositivos Médicos,São Gonçalo,RJ,2,ABIMED,Mapeado,,Laboratórios B Braun S.A.,,1.0,,0.0,1.0,2,-1,0,4.0
194,Lima Corporate,,Dispositivos Médicos,Barueri,SP,2,ABIMED,Mapeado,,Lima do Brasil Ltda,,1.0,,0.0,1.0,2,-1,0,4.0
124,Autocam Medical Brasil,,Dispositivos Médicos Usinados,São Paulo,SP,2,BiopharmGuy,Mapeado,,"Precision-machined medical devices, implants",,0.0,,0.0,0.0,2,-1,0,4.0
41,FRANCESCHI & COSTA E SILVA LTDA EPP - NACIONAL OSSOS,www.ossos.com.br,Implantes Odontológicos,,,2,ABIMO,Mapeado,,,,,,0.0,0.0,2,1,0,8.0
